Email,Address,Avatar,Avg Session Length,Time on App,Time on Website,Length of Membership,Yearly Amount Spent
"megan33@gmail.com,""84426 Julia Vista"
"North Teresa, KY 50756"",PeachPuff,32.91278511115979,11.365492025516156,37.60779252420698,4.599937357614995,534.7057438060227"
"agolden@yahoo.com,""PSC 2490, Box 2120"
"APO AE 15445-2876"",Black,33.50308725671972,12.87798369625634,37.44102133556604,1.559151939957077,419.9387748391792"
"vstafford@hotmail.com,""PSC 5723, Box 8159"
"APO AA 74738"",Olive,31.531604482572902,13.378562784168986,38.734006289897124,2.2451477874052825,436.51560572936256"
"denise22@hernandez-townsend.com,""USNS Cardenas"
"FPO AA 85439-9449"",Silver,32.903250973372074,11.657575922065584,36.77260376125875,3.9193023085531835,519.3409891307888"
"youngbarbara@yahoo.com,""019 Elliott Tunnel Suite 190"
"Nicholsbury, WV 60804-4440"",Wheat,34.50755099852662,12.893669504071738,37.63575587790592,5.705153970601026,700.9170916173961"
"william25@mcconnell.com,""9495 Mary Fall Apt. 777"
"Glassport, ND 17957-5596"",Teal,33.02933195350689,11.765812645482358,37.738524945579094,2.7217359920452187,423.17999168059777"
"ijones@schaefer-carr.net,""657 Judith Crossroad"
"Hancockchester, VI 75658-5788"",Linen,33.54123131310037,12.78389178427502,36.430649621049305,4.648199316428601,619.8956398616368"
"heatherhall@yahoo.com,""8522 Regina Port Suite 782"
"Port Kaitlin, TX 50501-7264"",MediumSlateBlue,32.33598963740772,13.007819424388568,37.85177916943607,2.996364526268539,486.83893476506273"
"tinasmith@martinez.info,""40000 Ann Port Suite 474"
"Youngberg, MS 03651"",LemonChiffon,33.11020505771776,11.982044994015611,35.29308775436051,3.9234887455274374,529.537665336851"
"chasejennifer@hotmail.com,""9507 Robert Prairie Apt. 601"
"East Crystalview, SC 56814"",DarkOrchid,33.10543794246846,11.965020002997898,37.27781174207212,4.742577519573315,554.7220838330761"
