Email,Address,Avatar,Avg Session Length,Time on App,Time on Website,Length of Membership,Yearly Amount Spent
"jenniferbarnett@gmail.com,""0772 Michael Isle Suite 617"
"Meyerstown, WA 45449-6768"",SeaGreen,33.24190043446127,12.305417813429445,36.16364817104465,3.062368145311689,497.58667130044074"
"jared39@hotmail.com,""739 David Isle Suite 818"
"Chandlertown, DC 34587"",SteelBlue,33.46105629551836,10.869163814130363,35.62244242064545,3.471413452477678,447.6879065360586"
"briancarlson@page-fleming.com,""USCGC Gill"
"FPO AA 26496"",DarkMagenta,32.175501237949376,13.387492105579694,35.69417498569782,4.343062915388998,588.7126055095755"
"joshuaodom@gmail.com,""5277 Patel Brook"
"East Audrey, NJ 19075"",DarkGoldenRod,32.72836000313375,13.104507242875801,38.878040506759845,2.8200972339734696,491.07322367951974"
"vickie90@lee-wilson.com,""9135 Rodriguez Dam"
"Ramirezberg, MS 77223"",DarkSeaGreen,32.82030994541536,11.634893252550466,35.36862632536302,4.1245852967146535,507.44183233961667"
"duane56@hotmail.com,""24373 Mcgee Drive Apt. 990"
"New Mariahaven, NH 14470"",Gainsboro,33.61603789276768,11.936386499892283,38.768640998026676,3.649286157714702,521.8835731664784"
"enash@gmail.com,""997 Campbell Flat Suite 970"
"East Amanda, PW 22048"",HotPink,31.721652360509037,11.75502370305383,36.765722357858394,1.8473704233395085,347.7769266318726"
"sandraharrison@bailey-gordon.net,""7835 Rogers Roads"
"East Amberhaven, MI 70835-2286"",LightSeaGreen,32.8653271748764,11.984417523634924,37.0443614002997,3.452388582630727,490.7386321439546"
"cunninghamwilliam@hotmail.com,""4589 Dan Fords"
"Beasleyburgh, ME 96590-8272"",HoneyDew,32.74936818112046,9.954975969174418,37.38831486719822,4.650491269094463,478.1703340540876"
"teresaallen@hill-leach.info,""1958 Robert Bridge Apt. 250"
"Malloryland, ID 03393-5336"",WhiteSmoke,32.56723048027511,12.489013215743665,36.37147981406854,4.22243622534277,537.8461952695957"
