Email,Address,Avatar,Avg Session Length,Time on App,Time on Website,Length of Membership,Yearly Amount Spent
"andrew06@peterson.com,""26104 Alexander Groves"
"Alexandriaport, WY 28244-9149"",RedTomato,33.99257277495374,13.338975447662111,37.22580613162114,2.4826077705105956,492.6060127179966"
"ryanwerner@freeman.biz,""Unit 2413 Box 0347"
"DPO AA 07580-2652"",Tomato,33.87936082480498,11.584782999535266,37.087926070983805,3.71320920294043,522.3374046069357"
"knelson@gmail.com,""6705 Miller Orchard Suite 186"
"Lake Shanestad, MO 75696-5051"",RoyalBlue,29.532428967057946,10.961298400154098,37.42021557502538,4.046423164299585,408.64035107262754"
"wrightpeter@yahoo.com,""05302 Dunlap Ferry"
"New Stephaniehaven, MP 42268"",Bisque,33.19033404372265,12.959226091609382,36.144666700041924,3.9185418391589986,573.4158673313865"
"taylormason@gmail.com,""7773 Powell Springs Suite 190"
"Samanthaland, ND 44358"",DarkBlue,32.38797585315387,13.148725692056516,36.61995708279922,2.494543646659249,470.45273330095546"
"jstark@anderson.com,""49558 Ramirez Road Suite 399"
"Phillipstad, OH 35641-3238"",Peru,30.737720372628186,12.636606052000129,36.213763093698624,3.357846842326294,461.7807421962299"
"wjennings@gmail.com,""6362 Wilson Mountain"
"Johnsonfurt, GA 15169"",PowderBlue,32.12538689728784,11.733861690857392,34.8940927514398,3.1361327164897803,457.84769594494855"
"rebecca45@hale-bauer.biz,""8982 Burton Row"
"Wilsonton, PW 88606"",OliveDrab,32.33889932306719,12.0131946940144,38.38513659413844,2.420806160901484,407.7045475495441"
"alejandro75@hotmail.com,""64475 Andre Club Apt. 795"
"Port Dannytown, PW 63227"",Cyan,32.187812045932155,14.715387544156501,38.244114594343515,1.5165755808319439,452.31567548003545"
"samuel46@love-west.net,""544 Alexander Heights Suite 768"
"North Johnview123, MT 57912"",SeaGreen,32.61785606282345,13.989592555825254,37.190503800397956,4.064548550437977,605.061038804892"
